CUI1,CUI2
C0001627,C0268285
C0001627,C0268292
C0001627,C0342471
C0001627,C0342474
C0001627,C0852654
C0002170,C0002171
C0002170,C0162311
C0002170,C0265992
C0002170,C1859877
C0002170,C1863092
C0002170,C2676272
C0002170,C2678038
C0002171,C1853104
C0002171,C1863094
C0002312,C3161174
C0002312,C3278364
C0002395,C1837149
C0002395,C1846735
C0002395,C1853360
C0002395,C1853555
C0002395,C1854187
C0002395,C1864828
C0002395,C1970143
C0002395,C1970144
C0002395,C1970147
C0002395,C1970209
C0002395,C2677888
C0002395,CN043596
C0002395,CN043623
C0002514,C0019880
C0002514,C0024776
C0002514,C0031485
C0002514,C0175683
C0002514,C0268490
C0002514,C0268547
C0002736,C1837728
C0002736,C1842674
C0002736,C1842675
C0002736,C1847735
C0002736,C1862939
C0002736,C1865409
C0002736,C2675491
C0002736,C2677565
C0002736,C2678468
C0002736,CN239582
C0002876,C0271933
C0002876,C0271934
C0002876,C1306589
C0002876,C1845837
C0002876,C3150926
C0004114,C0017636
C0004238,C1837014
C0004238,C1862394
C0004238,C2677106
C0004238,C3151431
C0004238,C3279693
C0004238,C3279695
C0005283,C0271979
C0005283,C0472767
C0005283,C0599528
C0005283,C0869532
C0005684,C0699885
C0006118,C0153633
C0006118,C0496899
C0007193,C0340427
C0007222,C0027051
C0007570,C1846631
C0007570,C1857845
C0007570,C1857846
C0007570,C1857847
C0007570,C1859310
C0007570,C1969030
C0007570,C2677601
C0007570,C2677602
C0007570,C2677603
C0007570,C2677604
C0007570,C2677605
C0007570,C2677606
C0007570,C2677607
C0007959,C0270914
C0007959,C0751036
C0007959,C1842237
C0007959,C3280845
C0007959,C3554654
C0007959,CN043578
C0007959,CN118851
C0008533,C4016497
C0008533,CN043453
C0008533,CN043454
C0008626,C0949683
C0008626,C0969687
C0008780,C0022521
C0008780,C1837615
C0008780,C1837616
C0008780,C1837618
C0008780,C1847554
C0008780,C1970506
C0008780,C2675228
C0008780,C2675229
C0008780,C2675867
C0008780,C2676235
C0008780,C2677085
C0008780,C2678473
C0008780,C2750790
C0008780,C3151136
C0008780,C3151137
C0008780,C3151460
C0008780,C3540844
C0008780,C3542550
C0008780,C3543825
C0008780,C3543826
C0008780,C3809087
C0008780,C3809543
C0008780,C3809548
C0008780,C3809634
C0009207,C0751038
C0009207,C0751039
C0010073,C3149657
C0010073,C3149706
C0010073,CN068477
C0010278,C1833340
C0010278,C1858160
C0010278,C3715051
C0010278,CN029978
C0010308,C0271789
C0010308,C0342195
C0010308,C1291299
C0010308,C1563716
C0010308,C1846632
C0010308,C3493776
C0013261,C0751083
C0013261,C0994516
C0013581,C1644196
C0013581,C1851286
C0013581,C2673634
C0013902,C1851741
C0013902,C1862324
C0013902,C1866810
C0013902,C2678497
C0014130,C0001627
C0014474,C0206725
C0014553,C1838604
C0014553,C1843244
C0014553,C1970160
C0014553,C2677087
C0014553,C2749872
C0015625,C1835817
C0015625,C1836860
C0015625,C1836861
C0015625,C1838457
C0015625,C1845292
C0015625,C3150653
C0015625,C3160738
C0015625,C3160739
C0015625,C3468041
C0015625,C3469521
C0015625,C3469526
C0015625,C3469527
C0015625,C3469528
C0015625,C3469529
C0015625,C3469542
C0016719,C1856689
C0016719,C1865981
C0016952,C0268151
C0016952,C0268155
C0016952,C0751161
C0017205,C0268250
C0017205,C0268251
C0017205,C1842704
C0017205,C1856476
C0017205,C1856491
C0017205,C1856492
C0017205,C1856493
C0017205,C1864651
C0017205,C1961835
C0017601,C1835933
C0017601,C1837527
C0017601,C1837528
C0017601,C1842028
C0017601,C1857852
C0017601,C1863926
C0017601,C1864653
C0017601,C1865427
C0017601,C1866483
C0017601,C1969811
C0017601,C1969812
C0017601,C2751294
C0017601,C3887942
C0017601,CN244415
C0017638,C0004114
C0017638,C0014474
C0017638,C0025149
C0017638,C0028945
C0017638,C0280793
C0017638,C2750850
C0017919,C0017920
C0017919,C0017921
C0017919,C0017922
C0017919,C0017923
C0017919,C0017924
C0017919,C0017926
C0017919,C0268147
C0017919,C0268149
C0017919,C0272066
C0017919,C2752015
C0017919,C2752027
C0017919,C3150754
C0017920,C0268146
C0017920,C2919796
C0017921,C0751173
C0017922,C1968739
C0017922,C1968740
C0017922,C1968741
C0017922,C1968742
C0018203,C1844376
C0018203,C1856245
C0018203,C1856251
C0018203,C1856255
C0018203,C3151409
C0018817,C1842778
C0018817,C1862389
C0018817,C1969657
C0018817,C2748552
C0018817,C2751315
C0018817,C3279790
C0019045,C0002895
C0019045,C0019034
C0019045,C0039730
C0019045,C0221019
C0019045,C0272084
C0019045,C1264000
C0019069,C1844137
C0019250,C0001733
C0019250,C1260903
C0019250,C1859970
C0019250,C2584774
C0019569,C1838564
C0019569,C1968840
C0019569,C1969482
C0019569,C1969836
C0019569,C1969837
C0019569,C1970723
C0019569,C2931739
C0019569,C2931876
C0019569,C3150975
C0019569,C3151237
C0020072,C2751092
C0020072,C2752089
C0020072,C3280168
C0020179,C0751208
C0020179,C1279186
C0020476,C0020445
C0020476,C0020479
C0020476,C0020481
C0020476,C0023817
C0020476,CN074246
C0020501,C0268164
C0020501,C0268165
C0020501,C3150878
C0020630,C0220743
C0020630,C0268412
C0020630,C0268413
C0020758,C0239849
C0020758,C1832550
C0020758,C1847849
C0020758,C1855792
C0020758,C1858142
C0020758,C2677065
C0020758,C3536797
C0020758,C3553029
C0020758,C3554348
C0020758,C3554349
C0020758,C3554355
C0022738,C1859209
C0022738,C1861689
C0022738,C3150967
C0023264,C0034341
C0023264,C0034345
C0023264,C1834340
C0023264,C1838951
C0023264,C1850597
C0023264,C1850598
C0023264,C1850600
C0023264,C1857355
C0023264,C3502630
C0023264,CN043625
C0023786,C0026708
C0023786,C0086431
C0023786,C0086795
C0024115,CN163264
C0024121,C0684249
C0024141,C1835919
C0024141,C1835929
C0024141,C1842057
C0024141,C1854235
C0024141,C1854577
C0024141,C1864731
C0024141,C1864732
C0024141,C1866373
C0024141,C1970455
C0024141,C2676487
C0024141,C2677095
C0024141,C2677096
C0024141,C2677097
C0024141,C2751054
C0024591,C1835161
C0024591,C1838102
C0024591,C1866076
C0024591,C2930982
C0024591,C2930984
C0024591,CN031421
C0024776,C1855369
C0024776,C1855371
C0025202,C0151779
C0026706,C0086647
C0026706,C0086648
C0026706,C0086649
C0026706,C0086650
C0026707,C0086651
C0026707,C0086652
C0026847,C0043116
C0026847,C0152109
C0026847,C0393538
C0026847,C1838230
C0027127,C0751360
C0027127,C2936781
C0027708,C1832099
C0027708,C1832426
C0027708,C1860265
C0027708,CN033288
C0027819,C2749485
C0027819,C2751681
C0027819,C2751682
C0027877,C0751383
C0027877,C1834207
C0027877,C1836841
C0027877,C1838570
C0027877,C1838571
C0027877,C1850442
C0027877,C1850451
C0027877,C1864669
C0027877,C1866282
C0027877,C1876161
C0028064,C0220756
C0028064,C0268242
C0028064,C0268243
C0028326,C0041409
C0028326,C1853120
C0028326,C1854469
C0028326,C1860991
C0028326,C1969057
C0028326,C2750732
C0028326,C3150970
C0028326,C3809233
C0029434,C0023931
C0029434,C0268360
C0029434,C0268362
C0029434,C0268363
C0029434,C1850169
C0029434,C1853162
C0029434,C1970414
C0029434,C1970458
C0029434,C3151211
C0029434,C3151218
C0029434,C3151433
C0029434,C3279564
C0030567,C0238344
C0030567,C1838867
C0030567,C1843211
C0030567,C1845165
C0030567,C1846862
C0030567,C1847360
C0030567,C1847640
C0030567,C1850100
C0030567,C1853202
C0030567,C1853445
C0030567,C1853833
C0030567,C1854182
C0030567,C1865581
C0030567,C1868595
C0030567,C1868675
C0030567,C1970035
C0030567,C2751012
C0030567,C2751842
C0030567,C3150899
C0030567,C3160718
C0030567,C3280133
C0031485,C0085547
C0031485,C0268465
C0034013,C0342543
C0034013,C0342549
C0034345,C1839413
C0034345,C1855553
C0034345,C1855565
C0034345,C3279841
C0034345,CN043137
C0035334,C0220701
C0035334,C1419614
C0035334,C1832378
C0035334,C1833245
C0035334,C1834329
C0035334,C1835895
C0035334,C1835923
C0035334,C1838601
C0035334,C1838603
C0035334,C1838647
C0035334,C1838702
C0035334,C1842127
C0035334,C1842475
C0035334,C1842816
C0035334,C1843816
C0035334,C1853214
C0035334,C1858677
C0035334,C1864446
C0035334,C1864621
C0035334,C1866422
C0035334,C1867299
C0035334,C1867300
C0035334,C1970163
C0035334,C2675186
C0035334,C2675496
C0035334,C2677516
C0035334,C2681923
C0035334,C2751763
C0035334,C2751986
C0035334,C3150691
C0035334,C3150715
C0035334,C3150819
C0035334,C3150879
C0035334,C3151001
C0035334,C3151061
C0035334,C3151066
C0035334,C3151068
C0035334,C3151086
C0035334,C3151107
C0035334,C3151138
C0035334,C3151139
C0035334,C3151190
C0035334,C3151227
C0035334,C3151228
C0035334,C3151434
C0035334,C3280042
C0035334,C3281046
C0035334,CN043634
C0035372,C1968556
C0036341,C0220702
C0036341,C0543918
C0036341,C1833247
C0036341,C1837893
C0036341,C1838069
C0036341,C1842605
C0036341,C1858050
C0036341,C1864010
C0036341,C1864124
C0036341,C1864152
C0036341,C1864153
C0036341,C1864275
C0036341,C2677614
C0036341,C2751663
C0036341,C3151380
C0036341,C3151408
C0036341,C3280524
C0036341,C3808913
C0036868,C0221033
C0036868,CN179857
C0037889,C2674218
C0037889,C2674219
C0037889,C2675192
C0037889,C2675212
C0037889,C2678338
C0039373,C1848914
C0039373,CN120377
C0039445,C1832774
C0039445,C1832942
C0039445,C1838163
C0039445,C1857688
C0039445,CN034812
C0039585,C0936016
C0039585,CN035075
C0039585,CN037063
C0039730,C0002312
C0039730,C0005283
C0040761,C1415817
C0040761,C1837341
C0040761,C3151221
C0041341,C1838327
C0041341,C1854465
C0041341,C1860707
C0042065,C0005684
C0042065,C0007134
C0042065,C0015558
C0042065,C0042138
C0042065,C0153594
C0042065,C0153619
C0042065,C0241961
C0042065,C0346255
C0042065,C0376358
C0042065,C0474809
C0042065,C0919267
C0042065,CN182936
C0042138,C0007873
C0042138,C0014170
C0042974,C1264039
C0042974,C1282968
C0042974,C1282971
C0043346,C0268135
C0043346,C0268138
C0043346,C0268140
C0043346,C0268141
C0043346,C1848410
C0043346,C1848411
C0043346,C1970808
C0043346,C2752147
C0043346,CN119607
C0078918,C0268495
C0078918,C1847836
C0078918,C3808786
C0078918,C3888401
C0078918,CN119529
C0079298,C0079295
C0079298,C0079299
C0079298,C0080333
C0079298,C0432316
C0079301,C0079683
C0079301,C0268374
C0079504,C1842362
C0079504,C2931875
C0079504,C3279756
C0079504,C3280026
C0079504,C3484357
C0079504,C3888001
C0079504,C3888004
C0079504,C3888007
C0079504,C3888026
C0079541,C1832424
C0079541,C1834877
C0079541,C1835819
C0079541,C1835820
C0079541,C1836254
C0079541,C1840528
C0079541,C1840529
C0079541,C1844016
C0079541,C1845146
C0079541,C1849649
C0079541,C1853187
C0079541,C1853830
C0079541,C1855550
C0079541,C1864827
C0079541,C1876185
C0079541,C2675857
C0079541,CN072874
C0079541,CN072875
C0079541,CN072876
C0079541,CN072877
C0079541,CN120371
C0085110,C1279481
C0085110,C1863236
C0085131,C0268271
C0085131,C0268272
C0085131,C0268273
C0085215,C1837008
C0085215,C1845105
C0085215,C1845293
C0085215,C1845295
C0085215,C1969060
C0085215,C2676742
C0085215,C2751825
C0085215,C3494522
C0085280,C1857761
C0085280,C1956125
C0085390,C1835398
C0085390,C1836482
C0087012,CN226644
C0087012,CN227858
C0151779,C1512419
C0152171,C3809192
C0152171,C3809198
C0152171,C3888002
C0152200,C1841721
C0152200,C1849792
C0152200,C1857618
C0152200,C2751309
C0152264,C1837915
C0152264,C1853286
C0152264,C2673187
C0153594,C0036631
C0153594,C0238451
C0154246,C0175683
C0154246,C0268542
C0154246,C0268543
C0154246,C0268547
C0154246,C0268548
C0154246,C0751753
C0158981,C0342273
C0158981,C1833104
C0162283,C1563705
C0162283,C1563706
C0162534,C0017495
C0162534,C0022336
C0162534,C0206042
C0162809,C1563719
C0162809,C1563720
C0162809,C1857720
C0162809,C2675188
C0162809,C2675302
C0162809,C2930927
C0175693,CN201475
C0175704,C1969056
C0175704,C3150971
C0175704,CN074218
C0175709,C0410203
C0175709,C0410204
C0175709,C1834558
C0206157,C1836447
C0206157,C1836448
C0206157,C1836472
C0206157,C1850569
C0206157,C1853154
C0206157,C1854380
C0206157,C3711389
C0206157,C3809209
C0220663,C2931135
C0220663,C2931136
C0220756,C1843366
C0220756,C3179455
C0221032,C1720862
C0221032,C1720863
C0234166,C1835614
C0234166,C1845102
C0234166,C3553288
C0234166,C3553291
C0235974,C2931038
C0236038,C0027832
C0236038,C0220754
C0236038,C0265253
C0236038,C0339534
C0236038,C0342680
C0236038,C0751651
C0236038,C0796074
C0236038,C1567741
C0236038,C1568247
C0236038,C1568248
C0236038,C1832200
C0236038,C1847800
C0236038,C1848519
C0236038,C2700265
C0236038,C2750452
C0236038,C2750457
C0236038,CN034131
C0236038,CN043574
C0236038,CN043648
C0236792,C1837434
C0236792,C1837646
C0236792,C1837697
C0236792,C1845334
C0236792,C1845341
C0236792,C1864961
C0238358,C2750061
C0238358,C3714580
C0242383,C1837187
C0242383,C1853147
C0242383,C1857813
C0242383,C1864205
C0242383,C1969108
C0242383,C1969651
C0242383,C2677774
C0242383,C3151060
C0242383,C3151063
C0242383,C3151070
C0242383,C3495438
C0242387,C1855433
C0242387,C3150983
C0242387,CN119605
C0265215,C1846357
C0265215,C1864148
C0265215,C1969052
C0265215,C1970161
C0265215,C2673885
C0265215,C2676790
C0265215,C3280036
C0265215,C3280155
C0265215,C3714506
C0265215,C3836857
C0265253,C1858084
C0265253,C1861481
C0265253,C2020284
C0265253,C3279941
C0265253,C3280342
C0265268,C3280182
C0265268,C3553748
C0265268,C3809092
C0265268,CN028867
C0265275,C1970005
C0265275,C3151185
C0265275,C3280598
C0265275,CN119532
C0265301,C3280402
C0265301,CN032489
C0265313,C1869114
C0265313,C1869115
C0265313,C3553785
C0265334,C1706595
C0265334,C1721007
C0265334,C3714948
C0265334,C3714949
C0265341,C1832229
C0265341,C2678503
C0265341,C3714873
C0265343,C1852521
C0265343,CN043670
C0265554,C1847622
C0265965,C1148551
C0265965,C1851970
C0265965,C1857144
C0265965,C3151441
C0265965,C3151442
C0265965,C3151444
C0265965,C3554656
C0266463,C0431375
C0266463,C0796089
C0266463,C1846171
C0266463,C1848199
C0266463,C1969029
C0266463,C3554657
C0268060,C1865614
C0268060,C1865616
C0268119,C1854988
C0268119,C1854989
C0268119,C1854990
C0268147,C0017927
C0268147,C0543514
C0268147,C1845151
C0268147,C2751643
C0268293,C3463917
C0268293,CN074214
C0268345,C1851801
C0268345,C2700425
C0268345,CN071434
C0268350,C3276539
C0268350,C3280794
C0268350,C4225268
C0268351,C0268354
C0268351,C0268355
C0268351,C2751987
C0268351,C3280798
C0268351,C3280799
C0268351,CN033664
C0268583,C1848552
C0268583,C1855100
C0268583,C1855102
C0268583,C1855109
C0268583,C1855114
C0268600,C1859499
C0268600,CN028786
C0268634,C0220710
C0268634,C0268596
C0268634,C0342788
C0268634,C0342791
C0268634,C1833511
C0268634,C3887523
C0268743,CN071292
C0268743,CN120381
C0270736,C1860861
C0270736,C1865810
C0270736,C1969617
C0270736,C2678494
C0270850,C0014553
C0270850,C1850778
C0270914,C1833219
C0270914,C1837552
C0270914,C1842983
C0270914,C1843153
C0270914,C1843173
C0270914,C1843225
C0270914,C1847823
C0270914,C2079538
C0270914,C2079540
C0270914,C2750090
C0270914,C3280220
C0270914,C3280797
C0270914,C3888087
C0270914,CN118836
C0270914,CN118848
C0270972,C1802395
C0270972,C1853099
C0270972,C3550903
C0270972,C3553517
C0270972,CN029798
C0270984,C0017921
C0270984,C0268123
C0271093,C1838644
C0271093,C1855465
C0271093,C1863534
C0271694,C1720859
C0271694,C1720860
C0271694,C1720861
C0271694,C3151268
C0271694,C3808940
C0271694,C4014869
C0272087,C0268193
C0272087,C0472786
C0272087,C2673427
C0272199,C1837174
C0272199,C1863727
C0272199,C1863728
C0272199,C2751293
C0272199,CN034020
C0282529,C1838612
C0282529,C1857242
C0282529,C1859133
C0282577,C0349653
C0282577,C0398739
C0282577,C1832736
C0282577,C1835849
C0282577,C1836669
C0282577,C1837396
C0282577,C1842836
C0282577,C1846816
C0282577,C1853736
C0282577,C1865145
C0282577,C1970021
C0282577,C1970344
C0282577,C2677590
C0282577,C2752007
C0282577,C2752015
C0282577,C2930997
C0282577,C2931001
C0282577,C2931002
C0282577,C2931004
C0282577,C2931005
C0282577,C2931006
C0282577,C2931008
C0282577,C2931010
C0282577,C3150191
C0282577,C3150736
C0282577,C3150876
C0282577,C3150913
C0282577,C3550904
C0282577,C3553230
C0282577,C3554385
C0282577,C3808991
C0338484,C1832884
C0338484,C1864987
C0338484,C1865322
C0339527,C1837873
C0339527,C1840284
C0339527,C1854260
C0339527,C1857743
C0339527,C1857821
C0339527,C1858301
C0339527,C1858386
C0339527,C1858677
C0339527,C1859844
C0339527,C2675186
C0339527,C2750063
C0339527,C2931258
C0339527,C3151192
C0339527,C3151202
C0339527,C3151206
C0339527,C3280062
C0339534,C1568249
C0339534,C1848634
C0339534,C2931213
C0339535,C1850362
C0339535,C2750747
C0339535,CN043584
C0340427,C0574083
C0340427,C1449563
C0340427,C1832243
C0340427,C1832244
C0340427,C1832680
C0340427,C1834481
C0340427,C1835926
C0340427,C1835928
C0340427,C1837839
C0340427,C1843791
C0340427,C1843808
C0340427,C1847667
C0340427,C1854159
C0340427,C1854368
C0340427,C1858154
C0340427,C1858591
C0340427,C1858763
C0340427,C1969024
C0340427,C1969639
C0340427,C2677338
C0340427,C2678474
C0340427,C2678475
C0340427,C2678476
C0340427,C2750091
C0340427,C2750466
C0340427,C2750995
C0340427,C2751084
C0340427,C2752072
C0340427,C3150681
C0340427,C3150898
C0340427,C3150958
C0340427,C3151039
C0340427,C3151293
C0340427,C3554649
C0340427,C3808935
C0340429,C1861861
C0340429,C1865071
C0340429,C2676271
C0340493,C2751829
C0340493,C2751898
C0342273,C1832386
C0342273,C1835887
C0342381,C0271567
C0342381,C0342573
C0342381,C0472813
C0342779,C2700431
C0342779,C3279699
C0342779,C3279708
C0342801,CN077959
C0342801,CN077995
C0342801,CN078017
C0343073,C1848435
C0343073,C1860238
C0345893,C1832942
C0346153,C0004135
C0346153,C0031269
C0346153,C0085390
C0346153,C0677776
C0346153,C1835817
C0346153,C1836860
C0346153,C1861906
C0346153,C1959582
C0346153,C3469522
C0346153,C4016951
C0349788,C1832931
C0349788,C1836704
C0349788,C1836906
C0349788,C1843896
C0349788,C1857777
C0349788,C1858378
C0349788,C1858379
C0349788,C1862511
C0349788,C1864850
C0349788,C1865881
C0349788,C1865882
C0349788,C1969081
C0376358,CN036094
C0392514,C0268060
C0392514,C1853733
C0392514,C1858664
C0392514,C3469186
C0392514,CN181217
C0393591,C0796126
C0393591,C1835912
C0393591,C1835916
C0393591,C2749659
C0393591,C3489724
C0393720,C1835966
C0393720,C1835967
C0393720,C1868677
C0398623,C0272375
C0398623,C1856059
C0398623,C1861171
C0398623,C2674321
C0398623,C3278211
C0406810,C1854540
C0406810,C2607929
C0410189,C0410190
C0410189,C0751337
C0410189,C2678055
C0431375,C0265219
C0431375,C1848201
C0431399,C0796147
C0431399,C1837713
C0431399,C1842577
C0431399,C1846790
C0431399,C1853153
C0431399,C1857780
C0431399,C1969053
C0431399,C2676771
C0431399,C2676788
C0431399,C2749019
C0431399,C3280031
C0431399,C3280766
C0431399,CN119531
C0475813,C0795917
C0475813,C1845055
C0549473,C0238462
C0677776,C2675520
C0677776,C2676676
C0677776,C3150659
C0677776,C3280345
C0677886,C1333992
C0684249,C0152013
C0684249,CN130014
C0684249,CN130015
C0684275,C0008533
C0684275,C0019069
C0684275,C0272325
C0684337,C0553580
C0684337,C0877849
C0685838,C3554105
C0685838,C3809105
C0685838,C4015307
C0685838,C4479656
C0685838,CN074242
C0686353,C2931907
C0686353,CN043626
C0687120,C1847013
C0687120,C1855681
C0687120,C1858392
C0687120,C1865872
C0687120,C1969092
C0687120,C3150796
C0687120,C3151188
C0687120,CN119610
C0699743,C0410180
C0699743,C0457133
C0699743,C1858118
C0699743,C2750786
C0699743,C2751052
C0699743,C2936406
C0699743,CN071817
C0699743,CN117976
C0699743,CN117977
C0699790,CN029768
C0751036,C0270911
C0751036,C0270912
C0751036,C0270913
C0751036,C1843164
C0751036,C1843247
C0751036,C1861669
C0751651,C0023264
C0751651,C0268237
C0751651,C0342779
C0751651,C1328349
C0751651,C1838979
C0751651,C1839022
C0751651,C1852372
C0751651,C1855008
C0751651,C1855034
C0751651,C3151897
C0751651,CN043632
C0751882,C0393929
C0751882,C0751885
C0751882,C1837091
C0751882,C1837122
C0751882,C1850792
C0751882,C1864233
C0751882,C3502630
C0752166,C1858054
C0752166,C1859564
C0752166,C1859565
C0752166,C1859566
C0752166,C1859567
C0752166,C1859568
C0752166,C1859569
C0752166,C1859570
C0752166,C2673873
C0752166,C2673874
C0752166,C2936862
C0752166,C2936863
C0752166,C2936864
C0752166,C3150127
C0752166,C3889474
C0752166,C3892039
C0795949,C4538784
C0795949,C4540266
C0795949,C4540270
C0795949,C4540274
C0795949,CN031715
C0796126,C3150315
C0878544,C0007193
C0878544,C0349788
C0878544,C0949658
C0878681,C1845167
C0878681,C1848336
C0919267,C0677886
C0919267,C1333992
C0949658,C1833236
C0949658,C1834460
C0949658,C1837471
C0949658,C1860752
C0949658,C1861065
C0949658,C1861862
C0949658,C1861863
C0949658,C1861864
C0949658,C2677491
C0949658,C2677506
C0949658,C2750459
C0949658,C2750467
C0949658,C2750472
C0949658,C3151204
C0949658,C3151264
C0949658,C3151265
C0949658,C3151266
C0949658,C3151267
C0949658,C3495498
C0949658,C3553442
C0949658,C4016270
C0969687,C0013080
C0969687,C0152095
C0969687,C0152096
C0969687,C0265479
C0969687,C0432412
C0969687,C0795807
C0969687,C0795849
C0969687,C2931575
C1112429,C2930924
C1142166,C2673193
C1142166,C2678477
C1142166,C2678478
C1142166,C2748541
C1142166,C2751083
C1142166,C2751088
C1142166,C2751089
C1142166,CN029323
C1260899,C0265265
C1260899,C1857719
C1260899,C2675511
C1260899,C2675512
C1260899,C2675859
C1260899,C2675860
C1260899,C2676137
C1260899,C2750080
C1260899,C2750081
C1261175,C1842687
C1261175,C1843504
C1261175,C1856974
C1261175,C1857762
C1261175,C1969084
C1261175,C2932714
C1263739,C0024776
C1263739,C0268575
C1263739,C0268579
C1263739,C0268583
C1263739,C0268595
C1263739,C0268600
C1263739,C0268601
C1263739,C1536500
C1263739,C1848561
C1328840,C1846545
C1328840,C1858968
C1328840,C1866119
C1328840,C1866120
C1328840,C1866121
C1328840,C2674723
C1333990,C0265325
C1333990,C1321489
C1333990,C1333991
C1333990,C1833477
C1333990,C1838333
C1333990,C1858380
C1333990,C1860896
C1333990,C2750471
C1333990,C2936783
C1449844,C1840390
C1449844,C1840391
C1449844,C3469605
C1449844,C3469606
C1458155,C0346153
C1458155,C0858252
C1510586,C0004352
C1510586,C0236792
C1510586,C1836271
C1510586,C1842632
C1510586,C1845336
C1510586,C1845539
C1510586,C1853755
C1510586,C1968924
C1510586,C1969710
C1510586,C1970807
C1510586,CN072151
C1512419,C1835044
C1512419,C1835047
C1512419,C1836892
C1512419,C1842643
C1512419,C2677089
C1512419,C2751295
C1512419,C3151417
C1512419,C3152204
C1512419,C3554574
C1567741,C1567742
C1567741,C1567743
C1567741,C1567744
C1568247,C1832845
C1568247,C1847089
C1568247,C1848604
C1568247,C1848638
C1568247,C1865865
C1568247,C1865885
C1568247,C2675458
C1706004,C0162359
C1706004,CN118829
C1708353,C1854336
C1708353,C1861848
C1708353,C1866552
C1708353,C1868633
C1708353,C3279992
C1720189,C1719788
C1720189,C1720416
C1720189,C1847839
C1720189,C1847843
C1720189,C1866039
C1720189,C2675211
C1720189,C2677843
C1827409,C1837156
C1827409,C1837157
C1832200,C0043459
C1832200,C0282525
C1832200,C0282527
C1832200,C1859228
C1832200,C3539168
C1832200,C3542026
C1832200,C3553929
C1832200,C3553936
C1832200,C3553937
C1832200,C3553940
C1832200,C3553947
C1832200,C3553948
C1832200,C3553951
C1832200,C3553959
C1832200,C3553960
C1832200,C3553999
C1832200,C3554000
C1832200,C3554001
C1832200,C3554002
C1832200,C3554004
C1832200,C3554055
C1832200,CN159238
C1832200,CN168921
C1833021,C0043207
C1833021,CN184629
C1833021,CN184630
C1833104,C1838655
C1833104,C1850096
C1833104,C1864623
C1836694,C4310791
C1836694,C4310808
C1838604,C1843244
C1842675,C2750729
C1847501,C1832855
C1847501,C1842534
C1847501,CN030711
C1848638,C1848604
C1850343,C3279843
C1850343,C4539839
C1850343,CN031748
C1850451,C0268281
C1850778,C0393697
C1850778,C1837308
C1850778,C1969656
C1850778,C2749942
C1850778,C2750887
C1850778,C2750888
C1850778,C2750894
C1850778,C2751604
C1850778,C2751729
C1851970,C3151443
C1851970,C3151445
C1851970,C3808802
C1853118,C1845987
C1853118,C1859966
C1853118,C2675526
C1853118,C2751288
C1853118,C2751630
C1853118,C3809031
C1853118,C4014954
C1853118,CN032247
C1855923,C3280153
C1855923,C3553637
C1855923,C3810354
C1855923,C4014958
C1855923,C4225201
C1855923,CN030519
C1859806,C2748571
C1860042,C2936791
C1860042,CN118849
C1864623,C1853564
C1868598,C1835980
C1868598,C1865044
C1868598,C1868599
C1868672,CN043612
C1868672,CN043613
C1868720,C1842562
C1868720,C1842563
C1868720,C1848213
C1868720,C2752071
C1955869,C0266463
C1955869,C1848201
C1959582,C0085261
C1959582,C0265326
C1959582,C1866398
C1959582,CN072330
C1970035,C1853833
C1970808,C0751037
C1997910,C1853942
C1997910,C1863844
C2079538,C1836485
C2079538,C1861678
C2348199,C1865018
C2348199,C1865019
C2348199,C1865020
C2675526,C2751630
C2678065,C1832370
C2678065,C1836050
C2678065,C1836155
C2678065,C1836607
C2678065,C1837317
C2678065,C2751831
C2697932,C2674876
C2697932,C2697933
C2697932,C3151087
C2697932,C3553762
C2700265,C1837203
C2700265,C1838447
C2700265,C1847722
C2700265,C1860339
C2700265,C2700405
C2700405,CN069052
C2700405,CN069053
C2713442,C0017097
C2713442,C0265325
C2713442,C2674616
C2750389,CN078000
C2750389,CN184128
C2750389,CN184129
C2919945,C1366911
C2919945,C1864040
C2919945,C1864041
C2919945,CN119550
C2931687,C1850808
C2931687,C1850889
C2931788,C1969906
C2931788,C2749604
C2931788,C2752036
C2931788,C2752037
C2931788,C2752038
C2931788,C2752039
C2931788,C2752040
C2931788,CN036211
C2931907,C0270968
C2931907,C0457133
C2931907,C1837342
C2931907,C1847759
C2931907,C1866008
C2931907,C1869123
C2931907,C1969785
C2931907,C2751052
C2931907,C2931687
C2931907,C2936331
C2931907,C3150989
C2931907,C3151184
C2931907,C3809236
C2932714,C1848526
C2932714,C1856974
C2932714,C2676465
C2932714,C2676466
C2932714,C3151140
C2936331,C0410173
C2936331,C2930900
C2936331,C2936332
C2936331,CN072428
C2936406,C0410174
C2936406,C1847759
C2936406,C3150413
C2936406,C3809216
C2936406,CN033898
C2936420,C2748895
C2936420,C2749215
C2936420,C3151782
C2936694,C1848296
C2936694,C1856273
C2936694,C2748896
C2936694,C2751317
C2936694,C2751824
C2936694,C2752149
C2936694,C3151064
C3161174,CN077787
C3266076,C1833369
C3266076,C1835894
C3266076,C1837210
C3266076,C1837213
C3266076,C1842143
C3266076,C1851878
C3266076,C1861537
C3266076,C1864323
C3266076,C1866070
C3266076,C2677434
C3266076,C2748505
C3266076,C3151222
C3469521,C1856796
C3501611,CN227788
C3696898,C1835905
C3696898,C1838049
C3696898,C1854335
C3711368,C1968602
C3711368,C1970456
C3711368,C1970470
C3711368,C2677877
C3711387,C1837501
C3711387,C1842109
C3711387,C1855081
C3711387,C1858108
C3711387,C1858516
C3711387,C1858535
C3711387,C2675187
C3711387,C3553414
C3711387,C3553886
C3711387,C3554499
C3711387,C3809431
C3711387,C4015080
C3711387,C4015156
C3711387,C4225310
C3711387,C4225338
C3888018,C0027773
C3888018,C1847555
C3888018,C1864902
C3888018,C1864948
C3888018,C1864952
C3888018,C1865290
C3888018,C2931832
C4085251,C1853473
C4085251,C4085252
C4275066,C0410480
C4275066,C4479260
CN029768,C0031269
CN029768,C0265325
CN029768,C0345893
CN029768,C1333990
CN029768,C1832587
CN029768,C1837315
CN029768,C1837750
CN029768,C1837991
CN029768,C1864730
CN029768,C1969113
CN029768,C2675480
CN029768,C2675481
CN029768,C2675482
CN029768,C2675483
CN029768,C2677120
CN029768,C2677121
CN029768,C2677122
CN029768,C2677123
CN029768,C2677290
CN029768,C2713442
CN029978,C0001193
CN029978,C0795998
CN029978,C1852406
CN029978,C1864436
CN029978,C2677099
CN029978,CN043619
CN029978,CN244906
CN031763,C1868685
CN031763,C2675476
CN031763,C2675477
CN031763,C2675478
CN031763,CN037005
CN031763,CN069138
CN034131,C0035828
CN034131,C1867904
CN034131,C2676723
CN035091,C0268626
CN035091,C2931013
CN043572,C0220754
CN043572,C0268581
CN043574,C0265234
CN043574,C1842124
CN043574,C1970479
CN043575,C0241005
CN043575,C1832567
CN043575,C1853698
CN043575,C3495498
CN043578,C0011195
CN043578,C0393818
CN043578,C1832334
CN043578,C1832399
CN043578,C1836336
CN043578,C1854449
CN043578,C1858278
CN043578,C1859198
CN043578,C1866636
CN043578,C1970011
CN043578,C3540453
CN043579,C1848947
CN043579,C1853198
CN043584,C1848172
CN043584,C3495587
CN043589,C2675237
CN043589,C2675750
CN043592,C1848552
CN043592,C1848561
CN043592,C1848578
CN043592,C1855128
CN043592,C1856057
CN043595,C0013264
CN043595,C0917713
CN043595,C3668940
CN043596,C1843013
CN043596,C1847200
CN043596,C1863052
CN043606,C0333497
CN043606,C1858915
CN043606,C2750475
CN043606,C4016880
CN043612,C0268747
CN043612,CN043606
CN043613,C0403399
CN043613,CN034406
CN043623,C1863051
CN043623,C1865868
CN043626,C1832567
CN043626,C1834653
CN043626,C1834659
CN043626,C1836765
CN043626,C1842062
CN043626,C3148763
CN043626,C3150786
CN043626,CN043575
CN043628,C0268312
CN043628,C3489789
CN043632,C0022541
CN043632,C0162674
CN043632,C0342784
CN043632,C3554462
CN043632,CN069134
CN043632,CN230130
CN043636,C1833053
CN043636,C1857854
CN043636,C3554224
CN043636,C3554225
CN043640,C1832998
CN043640,C1838280
CN043640,C1838429
CN043640,C1846843
CN043640,C2675767
CN043643,C0018523
CN043643,C0270724
CN043643,C0342286
CN043643,C0878682
CN043643,C1847640
CN043643,C1853578
CN043643,C1857747
CN043643,C3280371
CN043643,C3550973
CN043643,C3668943
CN043643,CN168656
CN043648,C1844678
CN043648,C3151897
CN043648,CN043649
CN043648,CN043650
CN043648,CN043651
CN043649,C1832187
CN043649,C1832379
CN043649,C1832425
CN043649,C1832475
CN043649,C1832476
CN043649,C1832932
CN043649,C1833021
CN043649,C1833503
CN043649,C1837609
CN043649,C1837617
CN043649,C1837640
CN043649,C1842108
CN043649,C1842136
CN043649,C1842371
CN043649,C1842939
CN043649,C1843232
CN043649,C1843895
CN043649,C1846922
CN043649,C1847626
CN043649,C1847972
CN043649,C1852282
CN043649,C1853451
CN043649,C1853760
CN043649,C1854158
CN043649,C1854594
CN043649,C1858172
CN043649,C1858916
CN043649,C1863659
CN043649,C1864957
CN043649,C1865366
CN043649,C1866095
CN043649,C2675236
CN043649,C2675238
CN043649,C2677637
CN043649,C3160736
CN043649,C3279948
CN043649,C3887929
CN043649,C3888123
CN043650,C1414017
CN043650,C1832394
CN043650,C1832827
CN043650,C1832828
CN043650,C1832978
CN043650,C1832992
CN043650,C1833319
CN043650,C1835854
CN043650,C1836027
CN043650,C1836199
CN043650,C1837007
CN043650,C1837608
CN043650,C1837857
CN043650,C1838263
CN043650,C1838701
CN043650,C1842342
CN043650,C1842345
CN043650,C1842381
CN043650,C1843028
CN043650,C1846576
CN043650,C1846784
CN043650,C1846839
CN043650,C1846896
CN043650,C1853223
CN043650,C1853248
CN043650,C1853276
CN043650,C1853941
CN043650,C1854275
CN043650,C1857744
CN043650,C1857750
CN043650,C1857809
CN043650,C1857811
CN043650,C1857820
CN043650,C1858695
CN043650,C1858840
CN043650,C1863561
CN043650,C1863613
CN043650,C1863655
CN043650,C1863752
CN043650,C1864199
CN043650,C1864276
CN043650,C1864746
CN043650,C1864815
CN043650,C1864818
CN043650,C1864962
CN043650,C1864964
CN043650,C1864968
CN043650,C1865870
CN043650,C1866094
CN043650,C1969621
CN043650,C1970239
CN043650,C2239351
CN043650,C2673759
CN043650,C2675235
CN043650,C2746083
CN043650,C2748554
CN043650,C2750082
CN043650,C3150654
CN043650,C3150704
CN043650,C3151230
CN043650,C3151351
CN043650,C3160740
CN043650,C3279660
CN043653,C0025237
CN043653,C0265251
CN043653,C0265293
CN043653,C1844696
CN043660,C0155015
CN043660,C0155016
CN043670,C1837549
CN043670,C1853296
CN043670,C3150942
CN043670,CN032975
CN043672,C0038015
CN043672,C0220685
CN043672,C0265279
CN043672,C0410480
CN043672,C0700635
CN043672,C0796173
CN043672,C1835437
CN043672,C1858079
CN043672,C2020284
CN043677,C1836217
CN043677,C1851102
CN043677,C1865040
CN043677,C1865915
CN043677,C2748801
CN043677,C2750404
CN043677,C2751105
CN043677,CN120301
CN069134,C1849096
CN069134,C1850406
CN069134,C3151513
CN072436,C1851124
CN072436,C2675440
CN072831,C0015306
CN072831,C1838420
CN072831,C1851413
CN073359,C0025268
CN073359,C0025269
CN073359,C1833921
CN073943,C1848862
CN073943,C2752041
CN073943,C3280146
CN076135,C0241908
CN076135,C1567741
CN078214,C0024796
CN078214,C0268338
CN078214,C0345050
CN078214,C2697933
CN117960,C0403553
CN117960,C1836517
CN117960,C1846979
CN117960,C1846980
CN117960,C1857779
CN117960,C3150877
CN117960,C4225263
CN117960,C4225376
CN117976,CN029274
CN117976,CN033863
CN117976,CN118023
CN117977,C1263858
CN117977,C1842898
CN118824,C1851402
CN118824,C1866176
CN118824,C2750079
CN118826,C0345050
CN118826,C1846837
CN118826,C1851504
CN118826,C2673186
CN118826,C3151077
CN118826,C3809513
CN118826,C4015368
CN118829,C0406702
CN118829,C1720965
CN118832,C0220748
CN118832,C1834821
CN118832,CN029084
CN118836,C1832274
CN118836,C1833308
CN118841,C0020445
CN118841,C1704417
CN118841,C1863512
CN118841,C1863551
CN118845,C0265216
CN118845,C0795953
CN118851,C0393808
CN118851,C0795910
CN118851,C1839566
CN118851,C1844865
CN118851,C1844873
CN118946,C0005859
CN118946,C0010674
CN118946,C0013364
CN118946,C0013423
CN118946,C0039373
CN118946,C0206307
CN118946,C0238286
CN118946,C0268242
CN118946,C1961835
CN118946,C3468041
CN119421,C0010324
CN119421,C2931132
CN119432,C0432235
CN119432,C3150874
CN119432,C3279807
CN119432,C3280616
CN119492,C0035828
CN119492,C1859062
CN119492,C1867904
CN119492,C2678483
CN119492,C2678484
CN119492,C2678485
CN119492,C2751830
CN119492,C3150733
CN119492,C3150943
CN119492,C3150953
CN119529,C0268494
CN119529,C1847024
CN119611,C0085413
CN119611,C2751306
CN120488,C1846265
CN120488,C1855052
CN120488,C1859773
CN120488,C1864720
CN120500,C1859359
CN120500,C2673861
CN120500,C2677809
CN158709,C1838625
CN158709,C3280203
CN158709,C3280214
CN158709,C3810265
CN160484,C1865295
CN160484,C2748545
CN160484,C3553404
CN160484,C3810332
CN163181,C0265283
CN163181,C1850554
CN163181,C3668942
CN166718,C0027831
CN166718,C0028326
CN166718,C0175704
CN166718,C0349639
CN166718,C0410530
CN166718,C0587248
CN166718,C1843181
CN166718,C1969623
CN166718,CN029449
CN166718,CN030594
CN168056,C2676243
CN168056,C3280644
CN168920,C0282529
CN168920,C1832200
CN169884,C1833308
CN169884,C1834692
CN169884,C1834703
CN169884,C1846823
CN169884,C1858517
CN169884,C1866784
CN169884,C2608087
CN169884,C3553656
CN176898,C1858854
CN176898,C3151355
CN176898,C3151356
CN177837,C0432284
CN177837,C3809084
CN179857,C2749007
CN179857,C2749022
CN181223,CN077961
CN181223,CN128903
CN181223,CN181199
CN184090,C1852514
CN184090,CN077963
CN184090,CN077983
CN184091,C1838854
CN184091,CN184225
CN184091,CN184545
CN184091,CN184546
CN184091,CN184547
CN200645,C1864846
CN200645,C1864851
CN200645,C3280094
CN200645,C4014425
CN200685,C1832814
CN200685,C2363129
CN200689,C1852581
CN200689,C1852587
CN203634,C0268226
CN203634,C0268228
CN206207,C0162871
CN206207,C1853364
CN206207,C2678470
CN206207,C3280597
CN206774,C0878683
CN206774,C2678408
CN206774,C2751608
CN206774,C3151440
CN206774,C3489787
CN207123,C1868682
CN207123,C1970238
CN220387,C1838103
CN220387,C3150802
CN221268,CN077984
CN221268,CN221254
CN221268,CN221255
CN221268,CN221263
CN221268,CN221264
CN221268,CN221265
CN227588,C0574080
CN227588,C1845862
CN227588,C2675179
CN228160,C4014605
CN228160,C4015452
CN228161,C3809522
CN228161,C4225400
CN229602,C1260386
CN229602,C1854107
CN229602,C3150933
CN230130,C2749861
CN230130,C2749864
CN230130,C3151476
CN230130,C3809592
CN231410,C0023817
CN231410,C1720779
CN231410,C1861560
CN231410,C4014767
CN239582,C1859807
CN239582,C1865864
CN239582,C3280587
CN244423,C2931788
CN244423,CN072395
CN244423,CN072396
CN282828,C2677299
CN282828,C4479220
CN357508,C2673520
CN357508,C2674665
CN357508,C2675112
CN357508,C2675128
CN357508,C2675470
CN357508,C2675471
CN357508,C2676832
CN357508,C2676833
CN357508,C4017829
CN643617,C1843330
CN643617,C3179239
CN924914,C0024776
CN924914,C0268568
CN924914,C1855369
CN924915,C1853926
CN924915,CN239822