CUI1,CUI2,REL
C0001627,C0268285,CHD
C0001627,C0268292,CHD
C0001627,C0342471,CHD
C0001627,C0342474,CHD
C0001627,C0852654,CHD
C0002170,C0002171,CHD
C0002170,C0162311,CHD
C0002170,C0265992,CHD
C0002170,C1859877,CHD
C0002170,C1863092,CHD
C0002170,C2676272,CHD
C0002170,C2678038,CHD
C0002171,C1853104,CHD
C0002171,C1863094,CHD
C0002312,C3161174,CHD
C0002312,C3278364,CHD
C0002395,C1837149,CHD
C0002395,C1846735,CHD
C0002395,C1853360,CHD
C0002395,C1853555,CHD
C0002395,C1854187,CHD
C0002395,C1864828,CHD
C0002395,C1970143,CHD
C0002395,C1970144,CHD
C0002395,C1970147,CHD
C0002395,C1970209,CHD
C0002395,C2677888,CHD
C0002395,CN043596,CHD
C0002395,CN043623,CHD
C0002514,C0019880,CHD
C0002514,C0024776,CHD
C0002514,C0031485,CHD
C0002514,C0175683,CHD
C0002514,C0268490,CHD
C0002514,C0268547,CHD
C0002736,C1837728,CHD
C0002736,C1842674,CHD
C0002736,C1842675,CHD
C0002736,C1847735,CHD
C0002736,C1862939,CHD
C0002736,C1865409,CHD
C0002736,C2675491,CHD
C0002736,C2677565,CHD
C0002736,C2678468,CHD
C0002736,CN239582,CHD
C0002876,C0271933,CHD
C0002876,C0271934,CHD
C0002876,C1306589,CHD
C0002876,C1845837,CHD
C0002876,C3150926,CHD
C0004114,C0017636,CHD
C0004238,C1837014,CHD
C0004238,C1862394,CHD
C0004238,C2677106,CHD
C0004238,C3151431,CHD
C0004238,C3279693,CHD
C0004238,C3279695,CHD
C0005283,C0271979,CHD
C0005283,C0472767,CHD
C0005283,C0599528,CHD
C0005283,C0869532,CHD
C0005684,C0699885,CHD
C0006118,C0153633,CHD
C0006118,C0496899,CHD
C0007193,C0340427,CHD
C0007222,C0027051,CHD
C0007570,C1846631,CHD
C0007570,C1857845,CHD
C0007570,C1857846,CHD
C0007570,C1857847,CHD
C0007570,C1859310,CHD
C0007570,C1969030,CHD
C0007570,C2677601,CHD
C0007570,C2677602,CHD
C0007570,C2677603,CHD
C0007570,C2677604,CHD
C0007570,C2677605,CHD
C0007570,C2677606,CHD
C0007570,C2677607,CHD
C0007959,C0270914,CHD
C0007959,C0751036,CHD
C0007959,C1842237,CHD
C0007959,C3280845,CHD
C0007959,C3554654,CHD
C0007959,CN043578,CHD
C0007959,CN118851,CHD
C0008533,C4016497,CHD
C0008533,CN043453,CHD
C0008533,CN043454,CHD
C0008626,C0949683,CHD
C0008626,C0969687,CHD
C0008780,C0022521,CHD
C0008780,C1837615,CHD
C0008780,C1837616,CHD
C0008780,C1837618,CHD
C0008780,C1847554,CHD
C0008780,C1970506,CHD
C0008780,C2675228,CHD
C0008780,C2675229,CHD
C0008780,C2675867,CHD
C0008780,C2676235,CHD
C0008780,C2677085,CHD
C0008780,C2678473,CHD
C0008780,C2750790,CHD
C0008780,C3151136,CHD
C0008780,C3151137,CHD
C0008780,C3151460,CHD
C0008780,C3540844,CHD
C0008780,C3542550,CHD
C0008780,C3543825,CHD
C0008780,C3543826,CHD
C0008780,C3809087,CHD
C0008780,C3809543,CHD
C0008780,C3809548,CHD
C0008780,C3809634,CHD
C0009207,C0751038,CHD
C0009207,C0751039,CHD
C0010073,C3149657,CHD
C0010073,C3149706,CHD
C0010073,CN068477,CHD
C0010278,C1833340,CHD
C0010278,C1858160,CHD
C0010278,C3715051,CHD
C0010278,CN029978,CHD
C0010308,C0271789,CHD
C0010308,C0342195,CHD
C0010308,C1291299,CHD
C0010308,C1563716,CHD
C0010308,C1846632,CHD
C0010308,C3493776,CHD
C0013261,C0751083,CHD
C0013261,C0994516,CHD
C0013581,C1644196,CHD
C0013581,C1851286,CHD
C0013581,C2673634,CHD
C0013902,C1851741,CHD
C0013902,C1862324,CHD
C0013902,C1866810,CHD
C0013902,C2678497,CHD
C0014130,C0001627,CHD
C0014474,C0206725,CHD
C0014553,C1838604,CHD
C0014553,C1843244,CHD
C0014553,C1970160,CHD
C0014553,C2677087,CHD
C0014553,C2749872,CHD
C0015625,C1835817,CHD
C0015625,C1836860,CHD
C0015625,C1836861,CHD
C0015625,C1838457,CHD
C0015625,C1845292,CHD
C0015625,C3150653,CHD
C0015625,C3160738,CHD
C0015625,C3160739,CHD
C0015625,C3468041,CHD
C0015625,C3469521,CHD
C0015625,C3469526,CHD
C0015625,C3469527,CHD
C0015625,C3469528,CHD
C0015625,C3469529,CHD
C0015625,C3469542,CHD
C0016719,C1856689,CHD
C0016719,C1865981,CHD
C0016952,C0268151,CHD
C0016952,C0268155,CHD
C0016952,C0751161,CHD
C0017205,C0268250,CHD
C0017205,C0268251,CHD
C0017205,C1842704,CHD
C0017205,C1856476,CHD
C0017205,C1856491,CHD
C0017205,C1856492,CHD
C0017205,C1856493,CHD
C0017205,C1864651,CHD
C0017205,C1961835,CHD
C0017601,C1835933,CHD
C0017601,C1837527,CHD
C0017601,C1837528,CHD
C0017601,C1842028,CHD
C0017601,C1857852,CHD
C0017601,C1863926,CHD
C0017601,C1864653,CHD
C0017601,C1865427,CHD
C0017601,C1866483,CHD
C0017601,C1969811,CHD
C0017601,C1969812,CHD
C0017601,C2751294,CHD
C0017601,C3887942,CHD
C0017601,CN244415,CHD
C0017638,C0004114,CHD
C0017638,C0014474,CHD
C0017638,C0025149,CHD
C0017638,C0028945,CHD
C0017638,C0280793,CHD
C0017638,C2750850,CHD
C0017919,C0017920,CHD
C0017919,C0017921,CHD
C0017919,C0017922,CHD
C0017919,C0017923,CHD
C0017919,C0017924,CHD
C0017919,C0017926,CHD
C0017919,C0268147,CHD
C0017919,C0268149,CHD
C0017919,C0272066,CHD
C0017919,C2752015,CHD
C0017919,C2752027,CHD
C0017919,C3150754,CHD
C0017920,C0268146,CHD
C0017920,C2919796,CHD
C0017921,C0751173,CHD
C0017922,C1968739,CHD
C0017922,C1968740,CHD
C0017922,C1968741,CHD
C0017922,C1968742,CHD
C0018203,C1844376,CHD
C0018203,C1856245,CHD
C0018203,C1856251,CHD
C0018203,C1856255,CHD
C0018203,C3151409,CHD
C0018817,C1842778,CHD
C0018817,C1862389,CHD
C0018817,C1969657,CHD
C0018817,C2748552,CHD
C0018817,C2751315,CHD
C0018817,C3279790,CHD
C0019045,C0002895,CHD
C0019045,C0019034,CHD
C0019045,C0039730,CHD
C0019045,C0221019,CHD
C0019045,C0272084,CHD
C0019045,C1264000,CHD
C0019069,C1844137,CHD
C0019250,C0001733,CHD
C0019250,C1260903,CHD
C0019250,C1859970,CHD
C0019250,C2584774,CHD
C0019569,C1838564,CHD
C0019569,C1968840,CHD
C0019569,C1969482,CHD
C0019569,C1969836,CHD
C0019569,C1969837,CHD
C0019569,C1970723,CHD
C0019569,C2931739,CHD
C0019569,C2931876,CHD
C0019569,C3150975,CHD
C0019569,C3151237,CHD
C0020072,C2751092,CHD
C0020072,C2752089,CHD
C0020072,C3280168,CHD
C0020179,C0751208,CHD
C0020179,C1279186,CHD
C0020476,C0020445,CHD
C0020476,C0020479,CHD
C0020476,C0020481,CHD
C0020476,C0023817,CHD
C0020476,CN074246,CHD
C0020501,C0268164,CHD
C0020501,C0268165,CHD
C0020501,C3150878,CHD
C0020630,C0220743,CHD
C0020630,C0268412,CHD
C0020630,C0268413,CHD
C0020758,C0239849,CHD
C0020758,C1832550,CHD
C0020758,C1847849,CHD
C0020758,C1855792,CHD
C0020758,C1858142,CHD
C0020758,C2677065,CHD
C0020758,C3536797,CHD
C0020758,C3553029,CHD
C0020758,C3554348,CHD
C0020758,C3554349,CHD
C0020758,C3554355,CHD
C0022738,C1859209,CHD
C0022738,C1861689,CHD
C0022738,C3150967,CHD
C0023264,C0034341,CHD
C0023264,C0034345,CHD
C0023264,C1834340,CHD
C0023264,C1838951,CHD
C0023264,C1850597,CHD
C0023264,C1850598,CHD
C0023264,C1850600,CHD
C0023264,C1857355,CHD
C0023264,C3502630,CHD
C0023264,CN043625,CHD
C0023786,C0026708,CHD
C0023786,C0086431,CHD
C0023786,C0086795,CHD
C0024115,CN163264,CHD
C0024121,C0684249,CHD
C0024141,C1835919,CHD
C0024141,C1835929,CHD
C0024141,C1842057,CHD
C0024141,C1854235,CHD
C0024141,C1854577,CHD
C0024141,C1864731,CHD
C0024141,C1864732,CHD
C0024141,C1866373,CHD
C0024141,C1970455,CHD
C0024141,C2676487,CHD
C0024141,C2677095,CHD
C0024141,C2677096,CHD
C0024141,C2677097,CHD
C0024141,C2751054,CHD
C0024591,C1835161,CHD
C0024591,C1838102,CHD
C0024591,C1866076,CHD
C0024591,C2930982,CHD
C0024591,C2930984,CHD
C0024591,CN031421,CHD
C0024776,C1855369,CHD
C0024776,C1855371,CHD
C0025202,C0151779,CHD
C0026706,C0086647,CHD
C0026706,C0086648,CHD
C0026706,C0086649,CHD
C0026706,C0086650,CHD
C0026707,C0086651,CHD
C0026707,C0086652,CHD
C0026847,C0043116,CHD
C0026847,C0152109,CHD
C0026847,C0393538,CHD
C0026847,C1838230,CHD
C0027127,C0751360,CHD
C0027127,C2936781,CHD
C0027708,C1832099,CHD
C0027708,C1832426,CHD
C0027708,C1860265,CHD
C0027708,CN033288,CHD
C0027819,C2749485,CHD
C0027819,C2751681,CHD
C0027819,C2751682,CHD
C0027877,C0751383,CHD
C0027877,C1834207,CHD
C0027877,C1836841,CHD
C0027877,C1838570,CHD
C0027877,C1838571,CHD
C0027877,C1850442,CHD
C0027877,C1850451,CHD
C0027877,C1864669,CHD
C0027877,C1866282,CHD
C0027877,C1876161,CHD
C0028064,C0220756,CHD
C0028064,C0268242,CHD
C0028064,C0268243,CHD
C0028326,C0041409,CHD
C0028326,C1853120,CHD
C0028326,C1854469,CHD
C0028326,C1860991,CHD
C0028326,C1969057,CHD
C0028326,C2750732,CHD
C0028326,C3150970,CHD
C0028326,C3809233,CHD
C0029434,C0023931,CHD
C0029434,C0268360,CHD
C0029434,C0268362,CHD
C0029434,C0268363,CHD
C0029434,C1850169,CHD
C0029434,C1853162,CHD
C0029434,C1970414,CHD
C0029434,C1970458,CHD
C0029434,C3151211,CHD
C0029434,C3151218,CHD
C0029434,C3151433,CHD
C0029434,C3279564,CHD
C0030567,C0238344,CHD
C0030567,C1838867,CHD
C0030567,C1843211,CHD
C0030567,C1845165,CHD
C0030567,C1846862,CHD
C0030567,C1847360,CHD
C0030567,C1847640,CHD
C0030567,C1850100,CHD
C0030567,C1853202,CHD
C0030567,C1853445,CHD
C0030567,C1853833,CHD
C0030567,C1854182,CHD
C0030567,C1865581,CHD
C0030567,C1868595,CHD
C0030567,C1868675,CHD
C0030567,C1970035,CHD
C0030567,C2751012,CHD
C0030567,C2751842,CHD
C0030567,C3150899,CHD
C0030567,C3160718,CHD
C0030567,C3280133,CHD
C0031485,C0085547,CHD
C0031485,C0268465,CHD
C0034013,C0342543,CHD
C0034013,C0342549,CHD
C0034345,C1839413,CHD
C0034345,C1855553,CHD
C0034345,C1855565,CHD
C0034345,C3279841,CHD
C0034345,CN043137,CHD
C0035334,C0220701,CHD
C0035334,C1419614,CHD
C0035334,C1832378,CHD
C0035334,C1833245,CHD
C0035334,C1834329,CHD
C0035334,C1835895,CHD
C0035334,C1835923,CHD
C0035334,C1838601,CHD
C0035334,C1838603,CHD
C0035334,C1838647,CHD
C0035334,C1838702,CHD
C0035334,C1842127,CHD
C0035334,C1842475,CHD
C0035334,C1842816,CHD
C0035334,C1843816,CHD
C0035334,C1853214,CHD
C0035334,C1858677,CHD
C0035334,C1864446,CHD
C0035334,C1864621,CHD
C0035334,C1866422,CHD
C0035334,C1867299,CHD
C0035334,C1867300,CHD
C0035334,C1970163,CHD
C0035334,C2675186,CHD
C0035334,C2675496,CHD
C0035334,C2677516,CHD
C0035334,C2681923,CHD
C0035334,C2751763,CHD
C0035334,C2751986,CHD
C0035334,C3150691,CHD
C0035334,C3150715,CHD
C0035334,C3150819,CHD
C0035334,C3150879,CHD
C0035334,C3151001,CHD
C0035334,C3151061,CHD
C0035334,C3151066,CHD
C0035334,C3151068,CHD
C0035334,C3151086,CHD
C0035334,C3151107,CHD
C0035334,C3151138,CHD
C0035334,C3151139,CHD
C0035334,C3151190,CHD
C0035334,C3151227,CHD
C0035334,C3151228,CHD
C0035334,C3151434,CHD
C0035334,C3280042,CHD
C0035334,C3281046,CHD
C0035334,CN043634,CHD
C0035372,C1968556,CHD
C0036341,C0220702,CHD
C0036341,C0543918,CHD
C0036341,C1833247,CHD
C0036341,C1837893,CHD
C0036341,C1838069,CHD
C0036341,C1842605,CHD
C0036341,C1858050,CHD
C0036341,C1864010,CHD
C0036341,C1864124,CHD
C0036341,C1864152,CHD
C0036341,C1864153,CHD
C0036341,C1864275,CHD
C0036341,C2677614,CHD
C0036341,C2751663,CHD
C0036341,C3151380,CHD
C0036341,C3151408,CHD
C0036341,C3280524,CHD
C0036341,C3808913,CHD
C0036868,C0221033,CHD
C0036868,CN179857,CHD
C0037889,C2674218,CHD
C0037889,C2674219,CHD
C0037889,C2675192,CHD
C0037889,C2675212,CHD
C0037889,C2678338,CHD
C0039373,C1848914,CHD
C0039373,CN120377,CHD
C0039445,C1832774,CHD
C0039445,C1832942,CHD
C0039445,C1838163,CHD
C0039445,C1857688,CHD
C0039445,CN034812,CHD
C0039585,C0936016,CHD
C0039585,CN035075,CHD
C0039585,CN037063,CHD
C0039730,C0002312,CHD
C0039730,C0005283,CHD
C0040761,C1415817,CHD
C0040761,C1837341,CHD
C0040761,C3151221,CHD
C0041341,C1838327,CHD
C0041341,C1854465,CHD
C0041341,C1860707,CHD
C0042065,C0005684,CHD
C0042065,C0007134,CHD
C0042065,C0015558,CHD
C0042065,C0042138,CHD
C0042065,C0153594,CHD
C0042065,C0153619,CHD
C0042065,C0241961,CHD
C0042065,C0346255,CHD
C0042065,C0376358,CHD
C0042065,C0474809,CHD
C0042065,C0919267,CHD
C0042065,CN182936,CHD
C0042138,C0007873,CHD
C0042138,C0014170,CHD
C0042974,C1264039,CHD
C0042974,C1282968,CHD
C0042974,C1282971,CHD
C0043346,C0268135,CHD
C0043346,C0268138,CHD
C0043346,C0268140,CHD
C0043346,C0268141,CHD
C0043346,C1848410,CHD
C0043346,C1848411,CHD
C0043346,C1970808,CHD
C0043346,C2752147,CHD
C0043346,CN119607,CHD
C0078918,C0268495,CHD
C0078918,C1847836,CHD
C0078918,C3808786,CHD
C0078918,C3888401,CHD
C0078918,CN119529,CHD
C0079298,C0079295,CHD
C0079298,C0079299,CHD
C0079298,C0080333,CHD
C0079298,C0432316,CHD
C0079301,C0079683,CHD
C0079301,C0268374,CHD
C0079504,C1842362,CHD
C0079504,C2931875,CHD
C0079504,C3279756,CHD
C0079504,C3280026,CHD
C0079504,C3484357,CHD
C0079504,C3888001,CHD
C0079504,C3888004,CHD
C0079504,C3888007,CHD
C0079504,C3888026,CHD
C0079541,C1832424,CHD
C0079541,C1834877,CHD
C0079541,C1835819,CHD
C0079541,C1835820,CHD
C0079541,C1836254,CHD
C0079541,C1840528,CHD
C0079541,C1840529,CHD
C0079541,C1844016,CHD
C0079541,C1845146,CHD
C0079541,C1849649,CHD
C0079541,C1853187,CHD
C0079541,C1853830,CHD
C0079541,C1855550,CHD
C0079541,C1864827,CHD
C0079541,C1876185,CHD
C0079541,C2675857,CHD
C0079541,CN072874,CHD
C0079541,CN072875,CHD
C0079541,CN072876,CHD
C0079541,CN072877,CHD
C0079541,CN120371,CHD
C0085110,C1279481,CHD
C0085110,C1863236,CHD
C0085131,C0268271,CHD
C0085131,C0268272,CHD
C0085131,C0268273,CHD
C0085215,C1837008,CHD
C0085215,C1845105,CHD
C0085215,C1845293,CHD
C0085215,C1845295,CHD
C0085215,C1969060,CHD
C0085215,C2676742,CHD
C0085215,C2751825,CHD
C0085215,C3494522,CHD
C0085280,C1857761,CHD
C0085280,C1956125,CHD
C0085390,C1835398,CHD
C0085390,C1836482,CHD
C0087012,CN226644,CHD
C0087012,CN227858,CHD
C0151779,C1512419,CHD
C0152171,C3809192,CHD
C0152171,C3809198,CHD
C0152171,C3888002,CHD
C0152200,C1841721,CHD
C0152200,C1849792,CHD
C0152200,C1857618,CHD
C0152200,C2751309,CHD
C0152264,C1837915,CHD
C0152264,C1853286,CHD
C0152264,C2673187,CHD
C0153594,C0036631,CHD
C0153594,C0238451,CHD
C0154246,C0175683,CHD
C0154246,C0268542,CHD
C0154246,C0268543,CHD
C0154246,C0268547,CHD
C0154246,C0268548,CHD
C0154246,C0751753,CHD
C0158981,C0342273,CHD
C0158981,C1833104,CHD
C0162283,C1563705,CHD
C0162283,C1563706,CHD
C0162534,C0017495,CHD
C0162534,C0022336,CHD
C0162534,C0206042,CHD
C0162809,C1563719,CHD
C0162809,C1563720,CHD
C0162809,C1857720,CHD
C0162809,C2675188,CHD
C0162809,C2675302,CHD
C0162809,C2930927,CHD
C0175693,CN201475,CHD
C0175704,C1969056,CHD
C0175704,C3150971,CHD
C0175704,CN074218,CHD
C0175709,C0410203,CHD
C0175709,C0410204,CHD
C0175709,C1834558,CHD
C0206157,C1836447,CHD
C0206157,C1836448,CHD
C0206157,C1836472,CHD
C0206157,C1850569,CHD
C0206157,C1853154,CHD
C0206157,C1854380,CHD
C0206157,C3711389,CHD
C0206157,C3809209,CHD
C0220663,C2931135,CHD
C0220663,C2931136,CHD
C0220756,C1843366,CHD
C0220756,C3179455,CHD
C0221032,C1720862,CHD
C0221032,C1720863,CHD
C0234166,C1835614,CHD
C0234166,C1845102,CHD
C0234166,C3553288,CHD
C0234166,C3553291,CHD
C0235974,C2931038,CHD
C0236038,C0027832,CHD
C0236038,C0220754,CHD
C0236038,C0265253,CHD
C0236038,C0339534,CHD
C0236038,C0342680,CHD
C0236038,C0751651,CHD
C0236038,C0796074,CHD
C0236038,C1567741,CHD
C0236038,C1568247,CHD
C0236038,C1568248,CHD
C0236038,C1832200,CHD
C0236038,C1847800,CHD
C0236038,C1848519,CHD
C0236038,C2700265,CHD
C0236038,C2750452,CHD
C0236038,C2750457,CHD
C0236038,CN034131,CHD
C0236038,CN043574,CHD
C0236038,CN043648,CHD
C0236792,C1837434,CHD
C0236792,C1837646,CHD
C0236792,C1837697,CHD
C0236792,C1845334,CHD
C0236792,C1845341,CHD
C0236792,C1864961,CHD
C0238358,C2750061,CHD
C0238358,C3714580,CHD
C0242383,C1837187,CHD
C0242383,C1853147,CHD
C0242383,C1857813,CHD
C0242383,C1864205,CHD
C0242383,C1969108,CHD
C0242383,C1969651,CHD
C0242383,C2677774,CHD
C0242383,C3151060,CHD
C0242383,C3151063,CHD
C0242383,C3151070,CHD
C0242383,C3495438,CHD
C0242387,C1855433,CHD
C0242387,C3150983,CHD
C0242387,CN119605,CHD
C0265215,C1846357,CHD
C0265215,C1864148,CHD
C0265215,C1969052,CHD
C0265215,C1970161,CHD
C0265215,C2673885,CHD
C0265215,C2676790,CHD
C0265215,C3280036,CHD
C0265215,C3280155,CHD
C0265215,C3714506,CHD
C0265215,C3836857,CHD
C0265253,C1858084,CHD
C0265253,C1861481,CHD
C0265253,C2020284,CHD
C0265253,C3279941,CHD
C0265253,C3280342,CHD
C0265268,C3280182,CHD
C0265268,C3553748,CHD
C0265268,C3809092,CHD
C0265268,CN028867,CHD
C0265275,C1970005,CHD
C0265275,C3151185,CHD
C0265275,C3280598,CHD
C0265275,CN119532,CHD
C0265301,C3280402,CHD
C0265301,CN032489,CHD
C0265313,C1869114,CHD
C0265313,C1869115,CHD
C0265313,C3553785,CHD
C0265334,C1706595,CHD
C0265334,C1721007,CHD
C0265334,C3714948,CHD
C0265334,C3714949,CHD
C0265341,C1832229,CHD
C0265341,C2678503,CHD
C0265341,C3714873,CHD
C0265343,C1852521,CHD
C0265343,CN043670,CHD
C0265554,C1847622,CHD
C0265965,C1148551,CHD
C0265965,C1851970,CHD
C0265965,C1857144,CHD
C0265965,C3151441,CHD
C0265965,C3151442,CHD
C0265965,C3151444,CHD
C0265965,C3554656,CHD
C0266463,C0431375,CHD
C0266463,C0796089,CHD
C0266463,C1846171,CHD
C0266463,C1848199,CHD
C0266463,C1969029,CHD
C0266463,C3554657,CHD
C0268060,C1865614,CHD
C0268060,C1865616,CHD
C0268119,C1854988,CHD
C0268119,C1854989,CHD
C0268119,C1854990,CHD
C0268147,C0017927,CHD
C0268147,C0543514,CHD
C0268147,C1845151,CHD
C0268147,C2751643,CHD
C0268293,C3463917,CHD
C0268293,CN074214,CHD
C0268345,C1851801,CHD
C0268345,C2700425,CHD
C0268345,CN071434,CHD
C0268350,C3276539,CHD
C0268350,C3280794,CHD
C0268350,C4225268,CHD
C0268351,C0268354,CHD
C0268351,C0268355,CHD
C0268351,C2751987,CHD
C0268351,C3280798,CHD
C0268351,C3280799,CHD
C0268351,CN033664,CHD
C0268583,C1848552,CHD
C0268583,C1855100,CHD
C0268583,C1855102,CHD
C0268583,C1855109,CHD
C0268583,C1855114,CHD
C0268600,C1859499,CHD
C0268600,CN028786,CHD
C0268634,C0220710,CHD
C0268634,C0268596,CHD
C0268634,C0342788,CHD
C0268634,C0342791,CHD
C0268634,C1833511,CHD
C0268634,C3887523,CHD
C0268743,CN071292,CHD
C0268743,CN120381,CHD
C0270736,C1860861,CHD
C0270736,C1865810,CHD
C0270736,C1969617,CHD
C0270736,C2678494,CHD
C0270850,C0014553,CHD
C0270850,C1850778,CHD
C0270914,C1833219,CHD
C0270914,C1837552,CHD
C0270914,C1842983,CHD
C0270914,C1843153,CHD
C0270914,C1843173,CHD
C0270914,C1843225,CHD
C0270914,C1847823,CHD
C0270914,C2079538,CHD
C0270914,C2079540,CHD
C0270914,C2750090,CHD
C0270914,C3280220,CHD
C0270914,C3280797,CHD
C0270914,C3888087,CHD
C0270914,CN118836,CHD
C0270914,CN118848,CHD
C0270972,C1802395,CHD
C0270972,C1853099,CHD
C0270972,C3550903,CHD
C0270972,C3553517,CHD
C0270972,CN029798,CHD
C0270984,C0017921,CHD
C0270984,C0268123,CHD
C0271093,C1838644,CHD
C0271093,C1855465,CHD
C0271093,C1863534,CHD
C0271694,C1720859,CHD
C0271694,C1720860,CHD
C0271694,C1720861,CHD
C0271694,C3151268,CHD
C0271694,C3808940,CHD
C0271694,C4014869,CHD
C0272087,C0268193,CHD
C0272087,C0472786,CHD
C0272087,C2673427,CHD
C0272199,C1837174,CHD
C0272199,C1863727,CHD
C0272199,C1863728,CHD
C0272199,C2751293,CHD
C0272199,CN034020,CHD
C0282529,C1838612,CHD
C0282529,C1857242,CHD
C0282529,C1859133,CHD
C0282577,C0349653,CHD
C0282577,C0398739,CHD
C0282577,C1832736,CHD
C0282577,C1835849,CHD
C0282577,C1836669,CHD
C0282577,C1837396,CHD
C0282577,C1842836,CHD
C0282577,C1846816,CHD
C0282577,C1853736,CHD
C0282577,C1865145,CHD
C0282577,C1970021,CHD
C0282577,C1970344,CHD
C0282577,C2677590,CHD
C0282577,C2752007,CHD
C0282577,C2752015,CHD
C0282577,C2930997,CHD
C0282577,C2931001,CHD
C0282577,C2931002,CHD
C0282577,C2931004,CHD
C0282577,C2931005,CHD
C0282577,C2931006,CHD
C0282577,C2931008,CHD
C0282577,C2931010,CHD
C0282577,C3150191,CHD
C0282577,C3150736,CHD
C0282577,C3150876,CHD
C0282577,C3150913,CHD
C0282577,C3550904,CHD
C0282577,C3553230,CHD
C0282577,C3554385,CHD
C0282577,C3808991,CHD
C0338484,C1832884,CHD
C0338484,C1864987,CHD
C0338484,C1865322,CHD
C0339527,C1837873,CHD
C0339527,C1840284,CHD
C0339527,C1854260,CHD
C0339527,C1857743,CHD
C0339527,C1857821,CHD
C0339527,C1858301,CHD
C0339527,C1858386,CHD
C0339527,C1858677,CHD
C0339527,C1859844,CHD
C0339527,C2675186,CHD
C0339527,C2750063,CHD
C0339527,C2931258,CHD
C0339527,C3151192,CHD
C0339527,C3151202,CHD
C0339527,C3151206,CHD
C0339527,C3280062,CHD
C0339534,C1568249,CHD
C0339534,C1848634,CHD
C0339534,C2931213,CHD
C0339535,C1850362,CHD
C0339535,C2750747,CHD
C0339535,CN043584,CHD
C0340427,C0574083,CHD
C0340427,C1449563,CHD
C0340427,C1832243,CHD
C0340427,C1832244,CHD
C0340427,C1832680,CHD
C0340427,C1834481,CHD
C0340427,C1835926,CHD
C0340427,C1835928,CHD
C0340427,C1837839,CHD
C0340427,C1843791,CHD
C0340427,C1843808,CHD
C0340427,C1847667,CHD
C0340427,C1854159,CHD
C0340427,C1854368,CHD
C0340427,C1858154,CHD
C0340427,C1858591,CHD
C0340427,C1858763,CHD
C0340427,C1969024,CHD
C0340427,C1969639,CHD
C0340427,C2677338,CHD
C0340427,C2678474,CHD
C0340427,C2678475,CHD
C0340427,C2678476,CHD
C0340427,C2750091,CHD
C0340427,C2750466,CHD
C0340427,C2750995,CHD
C0340427,C2751084,CHD
C0340427,C2752072,CHD
C0340427,C3150681,CHD
C0340427,C3150898,CHD
C0340427,C3150958,CHD
C0340427,C3151039,CHD
C0340427,C3151293,CHD
C0340427,C3554649,CHD
C0340427,C3808935,CHD
C0340429,C1861861,CHD
C0340429,C1865071,CHD
C0340429,C2676271,CHD
C0340493,C2751829,CHD
C0340493,C2751898,CHD
C0342273,C1832386,CHD
C0342273,C1835887,CHD
C0342381,C0271567,CHD
C0342381,C0342573,CHD
C0342381,C0472813,CHD
C0342779,C2700431,CHD
C0342779,C3279699,CHD
C0342779,C3279708,CHD
C0342801,CN077959,CHD
C0342801,CN077995,CHD
C0342801,CN078017,CHD
C0343073,C1848435,CHD
C0343073,C1860238,CHD
C0345893,C1832942,CHD
C0346153,C0004135,CHD
C0346153,C0031269,CHD
C0346153,C0085390,CHD
C0346153,C0677776,CHD
C0346153,C1835817,CHD
C0346153,C1836860,CHD
C0346153,C1861906,CHD
C0346153,C1959582,CHD
C0346153,C3469522,CHD
C0346153,C4016951,CHD
C0349788,C1832931,CHD
C0349788,C1836704,CHD
C0349788,C1836906,CHD
C0349788,C1843896,CHD
C0349788,C1857777,CHD
C0349788,C1858378,CHD
C0349788,C1858379,CHD
C0349788,C1862511,CHD
C0349788,C1864850,CHD
C0349788,C1865881,CHD
C0349788,C1865882,CHD
C0349788,C1969081,CHD
C0376358,CN036094,CHD
C0392514,C0268060,CHD
C0392514,C1853733,CHD
C0392514,C1858664,CHD
C0392514,C3469186,CHD
C0392514,CN181217,CHD
C0393591,C0796126,CHD
C0393591,C1835912,CHD
C0393591,C1835916,CHD
C0393591,C2749659,CHD
C0393591,C3489724,CHD
C0393720,C1835966,CHD
C0393720,C1835967,CHD
C0393720,C1868677,CHD
C0398623,C0272375,CHD
C0398623,C1856059,CHD
C0398623,C1861171,CHD
C0398623,C2674321,CHD
C0398623,C3278211,CHD
C0406810,C1854540,CHD
C0406810,C2607929,CHD
C0410189,C0410190,CHD
C0410189,C0751337,CHD
C0410189,C2678055,CHD
C0431375,C0265219,CHD
C0431375,C1848201,CHD
C0431399,C0796147,CHD
C0431399,C1837713,CHD
C0431399,C1842577,CHD
C0431399,C1846790,CHD
C0431399,C1853153,CHD
C0431399,C1857780,CHD
C0431399,C1969053,CHD
C0431399,C2676771,CHD
C0431399,C2676788,CHD
C0431399,C2749019,CHD
C0431399,C3280031,CHD
C0431399,C3280766,CHD
C0431399,CN119531,CHD
C0475813,C0795917,CHD
C0475813,C1845055,CHD
C0549473,C0238462,CHD
C0677776,C2675520,CHD
C0677776,C2676676,CHD
C0677776,C3150659,CHD
C0677776,C3280345,CHD
C0677886,C1333992,CHD
C0684249,C0152013,CHD
C0684249,CN130014,CHD
C0684249,CN130015,CHD
C0684275,C0008533,CHD
C0684275,C0019069,CHD
C0684275,C0272325,CHD
C0684337,C0553580,CHD
C0684337,C0877849,CHD
C0685838,C3554105,CHD
C0685838,C3809105,CHD
C0685838,C4015307,CHD
C0685838,C4479656,CHD
C0685838,CN074242,CHD
C0686353,C2931907,CHD
C0686353,CN043626,CHD
C0687120,C1847013,CHD
C0687120,C1855681,CHD
C0687120,C1858392,CHD
C0687120,C1865872,CHD
C0687120,C1969092,CHD
C0687120,C3150796,CHD
C0687120,C3151188,CHD
C0687120,CN119610,CHD
C0699743,C0410180,CHD
C0699743,C0457133,CHD
C0699743,C1858118,CHD
C0699743,C2750786,CHD
C0699743,C2751052,CHD
C0699743,C2936406,CHD
C0699743,CN071817,CHD
C0699743,CN117976,CHD
C0699743,CN117977,CHD
C0699790,CN029768,CHD
C0751036,C0270911,CHD
C0751036,C0270912,CHD
C0751036,C0270913,CHD
C0751036,C1843164,CHD
C0751036,C1843247,CHD
C0751036,C1861669,CHD
C0751651,C0023264,CHD
C0751651,C0268237,CHD
C0751651,C0342779,CHD
C0751651,C1328349,CHD
C0751651,C1838979,CHD
C0751651,C1839022,CHD
C0751651,C1852372,CHD
C0751651,C1855008,CHD
C0751651,C1855034,CHD
C0751651,C3151897,CHD
C0751651,CN043632,CHD
C0751882,C0393929,CHD
C0751882,C0751885,CHD
C0751882,C1837091,CHD
C0751882,C1837122,CHD
C0751882,C1850792,CHD
C0751882,C1864233,CHD
C0751882,C3502630,CHD
C0752166,C1858054,CHD
C0752166,C1859564,CHD
C0752166,C1859565,CHD
C0752166,C1859566,CHD
C0752166,C1859567,CHD
C0752166,C1859568,CHD
C0752166,C1859569,CHD
C0752166,C1859570,CHD
C0752166,C2673873,CHD
C0752166,C2673874,CHD
C0752166,C2936862,CHD
C0752166,C2936863,CHD
C0752166,C2936864,CHD
C0752166,C3150127,CHD
C0752166,C3889474,CHD
C0752166,C3892039,CHD
C0795949,C4538784,CHD
C0795949,C4540266,CHD
C0795949,C4540270,CHD
C0795949,C4540274,CHD
C0795949,CN031715,CHD
C0796126,C3150315,CHD
C0878544,C0007193,CHD
C0878544,C0349788,CHD
C0878544,C0949658,CHD
C0878681,C1845167,CHD
C0878681,C1848336,CHD
C0919267,C0677886,CHD
C0919267,C1333992,CHD
C0949658,C1833236,CHD
C0949658,C1834460,CHD
C0949658,C1837471,CHD
C0949658,C1860752,CHD
C0949658,C1861065,CHD
C0949658,C1861862,CHD
C0949658,C1861863,CHD
C0949658,C1861864,CHD
C0949658,C2677491,CHD
C0949658,C2677506,CHD
C0949658,C2750459,CHD
C0949658,C2750467,CHD
C0949658,C2750472,CHD
C0949658,C3151204,CHD
C0949658,C3151264,CHD
C0949658,C3151265,CHD
C0949658,C3151266,CHD
C0949658,C3151267,CHD
C0949658,C3495498,CHD
C0949658,C3553442,CHD
C0949658,C4016270,CHD
C0969687,C0013080,CHD
C0969687,C0152095,CHD
C0969687,C0152096,CHD
C0969687,C0265479,CHD
C0969687,C0432412,CHD
C0969687,C0795807,CHD
C0969687,C0795849,CHD
C0969687,C2931575,CHD
C1112429,C2930924,CHD
C1142166,C2673193,CHD
C1142166,C2678477,CHD
C1142166,C2678478,CHD
C1142166,C2748541,CHD
C1142166,C2751083,CHD
C1142166,C2751088,CHD
C1142166,C2751089,CHD
C1142166,CN029323,CHD
C1260899,C0265265,CHD
C1260899,C1857719,CHD
C1260899,C2675511,CHD
C1260899,C2675512,CHD
C1260899,C2675859,CHD
C1260899,C2675860,CHD
C1260899,C2676137,CHD
C1260899,C2750080,CHD
C1260899,C2750081,CHD
C1261175,C1842687,CHD
C1261175,C1843504,CHD
C1261175,C1856974,CHD
C1261175,C1857762,CHD
C1261175,C1969084,CHD
C1261175,C2932714,CHD
C1263739,C0024776,CHD
C1263739,C0268575,CHD
C1263739,C0268579,CHD
C1263739,C0268583,CHD
C1263739,C0268595,CHD
C1263739,C0268600,CHD
C1263739,C0268601,CHD
C1263739,C1536500,CHD
C1263739,C1848561,CHD
C1328840,C1846545,CHD
C1328840,C1858968,CHD
C1328840,C1866119,CHD
C1328840,C1866120,CHD
C1328840,C1866121,CHD
C1328840,C2674723,CHD
C1333990,C0265325,CHD
C1333990,C1321489,CHD
C1333990,C1333991,CHD
C1333990,C1833477,CHD
C1333990,C1838333,CHD
C1333990,C1858380,CHD
C1333990,C1860896,CHD
C1333990,C2750471,CHD
C1333990,C2936783,CHD
C1449844,C1840390,CHD
C1449844,C1840391,CHD
C1449844,C3469605,CHD
C1449844,C3469606,CHD
C1458155,C0346153,CHD
C1458155,C0858252,CHD
C1510586,C0004352,CHD
C1510586,C0236792,CHD
C1510586,C1836271,CHD
C1510586,C1842632,CHD
C1510586,C1845336,CHD
C1510586,C1845539,CHD
C1510586,C1853755,CHD
C1510586,C1968924,CHD
C1510586,C1969710,CHD
C1510586,C1970807,CHD
C1510586,CN072151,CHD
C1512419,C1835044,CHD
C1512419,C1835047,CHD
C1512419,C1836892,CHD
C1512419,C1842643,CHD
C1512419,C2677089,CHD
C1512419,C2751295,CHD
C1512419,C3151417,CHD
C1512419,C3152204,CHD
C1512419,C3554574,CHD
C1567741,C1567742,CHD
C1567741,C1567743,CHD
C1567741,C1567744,CHD
C1568247,C1832845,CHD
C1568247,C1847089,CHD
C1568247,C1848604,CHD
C1568247,C1848638,CHD
C1568247,C1865865,CHD
C1568247,C1865885,CHD
C1568247,C2675458,CHD
C1706004,C0162359,CHD
C1706004,CN118829,CHD
C1708353,C1854336,CHD
C1708353,C1861848,CHD
C1708353,C1866552,CHD
C1708353,C1868633,CHD
C1708353,C3279992,CHD
C1720189,C1719788,CHD
C1720189,C1720416,CHD
C1720189,C1847839,CHD
C1720189,C1847843,CHD
C1720189,C1866039,CHD
C1720189,C2675211,CHD
C1720189,C2677843,CHD
C1827409,C1837156,CHD
C1827409,C1837157,CHD
C1832200,C0043459,CHD
C1832200,C0282525,CHD
C1832200,C0282527,CHD
C1832200,C1859228,CHD
C1832200,C3539168,CHD
C1832200,C3542026,CHD
C1832200,C3553929,CHD
C1832200,C3553936,CHD
C1832200,C3553937,CHD
C1832200,C3553940,CHD
C1832200,C3553947,CHD
C1832200,C3553948,CHD
C1832200,C3553951,CHD
C1832200,C3553959,CHD
C1832200,C3553960,CHD
C1832200,C3553999,CHD
C1832200,C3554000,CHD
C1832200,C3554001,CHD
C1832200,C3554002,CHD
C1832200,C3554004,CHD
C1832200,C3554055,CHD
C1832200,CN159238,CHD
C1832200,CN168921,CHD
C1833021,C0043207,CHD
C1833021,CN184629,CHD
C1833021,CN184630,CHD
C1833104,C1838655,CHD
C1833104,C1850096,CHD
C1833104,C1864623,CHD
C1836694,C4310791,CHD
C1836694,C4310808,CHD
C1838604,C1843244,CHD
C1842675,C2750729,CHD
C1847501,C1832855,CHD
C1847501,C1842534,CHD
C1847501,CN030711,CHD
C1848638,C1848604,CHD
C1850343,C3279843,CHD
C1850343,C4539839,CHD
C1850343,CN031748,CHD
C1850451,C0268281,CHD
C1850778,C0393697,CHD
C1850778,C1837308,CHD
C1850778,C1969656,CHD
C1850778,C2749942,CHD
C1850778,C2750887,CHD
C1850778,C2750888,CHD
C1850778,C2750894,CHD
C1850778,C2751604,CHD
C1850778,C2751729,CHD
C1851970,C3151443,CHD
C1851970,C3151445,CHD
C1851970,C3808802,CHD
C1853118,C1845987,CHD
C1853118,C1859966,CHD
C1853118,C2675526,CHD
C1853118,C2751288,CHD
C1853118,C2751630,CHD
C1853118,C3809031,CHD
C1853118,C4014954,CHD
C1853118,CN032247,CHD
C1855923,C3280153,CHD
C1855923,C3553637,CHD
C1855923,C3810354,CHD
C1855923,C4014958,CHD
C1855923,C4225201,CHD
C1855923,CN030519,CHD
C1859806,C2748571,CHD
C1860042,C2936791,CHD
C1860042,CN118849,CHD
C1864623,C1853564,CHD
C1868598,C1835980,CHD
C1868598,C1865044,CHD
C1868598,C1868599,CHD
C1868672,CN043612,CHD
C1868672,CN043613,CHD
C1868720,C1842562,CHD
C1868720,C1842563,CHD
C1868720,C1848213,CHD
C1868720,C2752071,CHD
C1955869,C0266463,CHD
C1955869,C1848201,CHD
C1959582,C0085261,CHD
C1959582,C0265326,CHD
C1959582,C1866398,CHD
C1959582,CN072330,CHD
C1970035,C1853833,CHD
C1970808,C0751037,CHD
C1997910,C1853942,CHD
C1997910,C1863844,CHD
C2079538,C1836485,CHD
C2079538,C1861678,CHD
C2348199,C1865018,CHD
C2348199,C1865019,CHD
C2348199,C1865020,CHD
C2675526,C2751630,CHD
C2678065,C1832370,CHD
C2678065,C1836050,CHD
C2678065,C1836155,CHD
C2678065,C1836607,CHD
C2678065,C1837317,CHD
C2678065,C2751831,CHD
C2697932,C2674876,CHD
C2697932,C2697933,CHD
C2697932,C3151087,CHD
C2697932,C3553762,CHD
C2700265,C1837203,CHD
C2700265,C1838447,CHD
C2700265,C1847722,CHD
C2700265,C1860339,CHD
C2700265,C2700405,CHD
C2700405,CN069052,CHD
C2700405,CN069053,CHD
C2713442,C0017097,CHD
C2713442,C0265325,CHD
C2713442,C2674616,CHD
C2750389,CN078000,CHD
C2750389,CN184128,CHD
C2750389,CN184129,CHD
C2919945,C1366911,CHD
C2919945,C1864040,CHD
C2919945,C1864041,CHD
C2919945,CN119550,CHD
C2931687,C1850808,CHD
C2931687,C1850889,CHD
C2931788,C1969906,CHD
C2931788,C2749604,CHD
C2931788,C2752036,CHD
C2931788,C2752037,CHD
C2931788,C2752038,CHD
C2931788,C2752039,CHD
C2931788,C2752040,CHD
C2931788,CN036211,CHD
C2931907,C0270968,CHD
C2931907,C0457133,CHD
C2931907,C1837342,CHD
C2931907,C1847759,CHD
C2931907,C1866008,CHD
C2931907,C1869123,CHD
C2931907,C1969785,CHD
C2931907,C2751052,CHD
C2931907,C2931687,CHD
C2931907,C2936331,CHD
C2931907,C3150989,CHD
C2931907,C3151184,CHD
C2931907,C3809236,CHD
C2932714,C1848526,CHD
C2932714,C1856974,CHD
C2932714,C2676465,CHD
C2932714,C2676466,CHD
C2932714,C3151140,CHD
C2936331,C0410173,CHD
C2936331,C2930900,CHD
C2936331,C2936332,CHD
C2936331,CN072428,CHD
C2936406,C0410174,CHD
C2936406,C1847759,CHD
C2936406,C3150413,CHD
C2936406,C3809216,CHD
C2936406,CN033898,CHD
C2936420,C2748895,CHD
C2936420,C2749215,CHD
C2936420,C3151782,CHD
C2936694,C1848296,CHD
C2936694,C1856273,CHD
C2936694,C2748896,CHD
C2936694,C2751317,CHD
C2936694,C2751824,CHD
C2936694,C2752149,CHD
C2936694,C3151064,CHD